﻿<?xml version="1.0" encoding="UTF-8" standalone="no" ?>
<Dictionary version="1.0" xmlns="http://www.osgeo.org/mapguide/coordinatesystem">

  <ProjectedCoordinateSystem id="MK6204">
    <Name>MK6204</Name>
    <Description>MK6204</Description>
    <Authority>https://epsg.io/6204</Authority>
    <AdditionalInformation>
      <ParameterItem type="CsMap">
        <Key>CSQuadrantSimplified</Key>
        <IntegerValue>1</IntegerValue>
      </ParameterItem>
    </AdditionalInformation>
    <DatumId>MKDATUM</DatumId>
    <Axis uom="Meter">
      <CoordinateSystemAxis>
        <AxisOrder>1</AxisOrder>
        <AxisName>Easting</AxisName>
        <AxisAbbreviation>E</AxisAbbreviation>
        <AxisDirection>east</AxisDirection>
      </CoordinateSystemAxis>
      <CoordinateSystemAxis>
        <AxisOrder>2</AxisOrder>
        <AxisName>Northing</AxisName>
        <AxisAbbreviation>N</AxisAbbreviation>
        <AxisDirection>north</AxisDirection>
      </CoordinateSystemAxis>
    </Axis>
    <Conversion>
      <Projection>
        <OperationMethodId>Transverse Mercator</OperationMethodId>
        <ParameterValue>
          <OperationParameterId>Longitude of natural origin</OperationParameterId>
          <Value uom="degree">21</Value>
        </ParameterValue>
        <ParameterValue>
          <OperationParameterId>Latitude of false origin</OperationParameterId>
          <Value uom="degree">0</Value>
        </ParameterValue>
        <ParameterValue>
          <OperationParameterId>Scaling factor for coord differences</OperationParameterId>
          <Value uom="unity">0.9999</Value>
        </ParameterValue>
        <ParameterValue>
          <OperationParameterId>False easting</OperationParameterId>
          <Value uom="Meter">500000</Value>
        </ParameterValue>
        <ParameterValue>
          <OperationParameterId>False northing</OperationParameterId>
          <Value uom="Meter">0</Value>
        </ParameterValue>
      </Projection>
    </Conversion>
  </ProjectedCoordinateSystem>

  <GeodeticDatum id="MKDATUM">
    <Name>MKDATUM</Name>
    <Description>MGI1901MK</Description>
    <Authority>https://epsg.io/6204</Authority>
    <PrimeMeridianId>Greenwich</PrimeMeridianId>
    <EllipsoidId>BESSEL1841MK</EllipsoidId>
  </GeodeticDatum>

  <Ellipsoid id="BESSEL1841MK">
    <Name>BESSEL1841MK</Name>
    <Description>BESSEL1841MK</Description>
    <SemiMajorAxis uom="meter">6377397.155</SemiMajorAxis>
    <SecondDefiningParameter>
      <SemiMinorAxis uom="meter">6356078.96283206</SemiMinorAxis>
    </SecondDefiningParameter>
  </Ellipsoid>

  <Transformation id="MKTOWGS">
    <Name>MKTOWGS</Name>
    <Description>MKTOWGS</Description>
    <CoordinateOperationAccuracy>
      <Accuracy uom="meter">500</Accuracy>
    </CoordinateOperationAccuracy>
    <SourceDatumId>MKDATUM</SourceDatumId>
    <TargetDatumId>WGS84</TargetDatumId>
    <IsReversible>true</IsReversible>
    <OperationMethod>
      <OperationMethodId>Coordinate Frame Rotation (geog2D domain)</OperationMethodId>
      <ParameterValue>
        <OperationParameterId>X-axis translation</OperationParameterId>
        <Value uom="meter">377.5318</Value>
      </ParameterValue>
      <ParameterValue>
        <OperationParameterId>Y-axis translation</OperationParameterId>
        <Value uom="meter">271.0725</Value>
      </ParameterValue>
      <ParameterValue>
        <OperationParameterId>Z-axis translation</OperationParameterId>
        <Value uom="meter">694.7573</Value>
      </ParameterValue>
      <ParameterValue>
        <OperationParameterId>X-axis rotation</OperationParameterId>
        <Value uom="degree">-0.000954847222222222</Value>
      </ParameterValue>
      <ParameterValue>
        <OperationParameterId>Y-axis rotation</OperationParameterId>
        <Value uom="degree">-0.00269464722222222</Value>
      </ParameterValue>
      <ParameterValue>
        <OperationParameterId>Z-axis rotation</OperationParameterId>
        <Value uom="degree">0.00507494444444444</Value>
      </ParameterValue>
      <ParameterValue>
        <OperationParameterId>Scale difference</OperationParameterId>
        <Value uom="unity">-6.5945e-06</Value>
      </ParameterValue>
    </OperationMethod>
  </Transformation>

</Dictionary>
